jay,985f1753b9b13b1cc5b0a65c0f60abfdfc742cf9f74f5948ad83128c7f984d5,Admin,12345,2,false
wm,985f1753b9b13b1cc5b0a65c0f60abfdfc742cf9f74f5948ad83128c7f984d5,User,12345,0,false
Ryan,2926a2731f4b312c08982cacf8061eb14bf65c1a87cc5d70e864e079c6220731,admin,999,0,0
leo,48a94846b2a7386432b90ad13bcf9c66f1efdd3a97e0e14968c262c412fe22c8,Admin,1,0,false
jonathan,8d969eef6ecad3c29a3a629280e686cf0c3f5d5a86aff3ca12020c923adc6c92,admin,2300923,0,false
oel,80cfd1b8537db1abc1235711f1154d148b68f504b33fd470058af97273ae6b92,user,2301071,3,true
leokang,8d969eef6ecad3c29a3a629280e686cf0c3f5d5a86aff3ca12020c923adc6c92,user,3,0,false
Elroy,ec4c88ca7f69534f10c0611c1ecd13e7c2cdf73e1b915e9fd0cf27ac10da43fa,User,123,0,false
Ryan2,48c52648c9ccf7c0368b770bdc03f435f1b19a03a3e2b224108302ca01a15f81,Admin,Ryan2,0,false

